<?xml version='1.0' encoding="utf-8"?>
<tree>
    <node caption="jqGrid Examples" url="#" target="other" icon="cd_run.gif" expanded="true">
        <node caption="Loading Data" url="#" target="other" icon="user1.gif">
            <node id="demo.html" caption="Getting Started" url="#" target="other"/>
            <node id="xmlex.html" caption="XML Data" url="#" target="other"/>
            <node id="jsonex.html" caption="JSON Data" url="#" target="other"/>
            <node id="loadoncex.html" caption="Load once" url="#" target="other"/>
            <node id="localex.html" caption="Array Data" url="#" target="other"/>
        </node>
        <node caption="Manipulating" url="#" target="other" icon="user2.gif">
            <node id="manipex.html" caption="Grid Data" url="#" target="other"/>
            <node id="getex.html" caption="Get Methods" url="#" target="other"/>
            <node id="setex.html" caption="Set Methods" url="#" target="other"/>
        </node>
        <node caption="Advanced" url="#" target="other" icon="user3.gif">
            <node id="multiex.html" caption="Multi Select" url="#" target="other"/>
            <node id="masterex.html" caption="Master Detail" url="#" target="other"/>
            <node id="subgrid.html" caption="Subgrid" url="#" target="other"/>
            <node id="subgrid_grid.html" caption="Grid as Subgrid" url="#" target="other"/>
            <node id="resizeex.html" caption="Resizing" url="#" target="other"/>
            <node id="bigset.html" caption="Search Big Sets" url="#" target="other"/>
        </node>
        <node caption="New since beta 3.0" url="#" target="other" icon="newuser.gif">
            <node id="cmultiex.html" caption="Custom Multi Select" url="#" target="other"/>
            <node id="jsubgrid.html" caption="Subgrid with JSON" url="#" target="other"/>
            <node id="loadcml.html" caption="After Load Callback" url="#" target="other"/>
            <node id="resizecol.html" caption="Resizable Columns" url="#" target="other"/>
            <node id="hideex.html" caption="Hide/Show Columns" url="#" target="other"/>
        </node>
        <node caption="Row Editing" url="#" target="other" icon="newuser.gif">
            <node id="rowedex1.html" caption="Basic Example" url="#" target="other"/>
            <node id="rowedex2.html" caption="Custom Edit" url="#" target="other"/>
            <node id="rowedex3.html" caption="Using Events" url="#" target="other"/>
            <node id="rowedex4.html" caption="Full Control" url="#" target="other"/>
            <node id="rowedex5.html" caption="Input types" url="#" target="other"/>
        </node>        
        <node caption="Data Mapping" url="#" target="other" icon="newuser.gif">
            <node id="xmlmap.html" caption="XML Mapping" url="#" target="other"/>
            <node id="jsonmap.html" caption="JSON Mapping" url="#" target="other"/>
            <node id="jsonopt.html" caption="Data Optimization" url="#" target="other"/>
        </node>        
        <node caption="Integrations" url="#" target="other" icon="newuser.gif">
            <node id="calendar.html" caption="UI Datepicker" url="#" target="other"/>
        </node>
        <node caption="Live Data Manipulation" url="#" target="other" icon="newuser.gif">
            <node id="searching.html" caption="Searching Data" url="#" target="other"/>
            <node id="editing.html" caption="Edit row" url="#" target="other"/>
            <node id="adding.html" caption="Add row" url="#" target="other"/>
            <node id="deleting.html" caption="Delete row" url="#" target="other"/>
            <node id="navgrid.html" caption="Navigator" url="#" target="other"/>
        </node>        
        <node caption="New in version 3.1" url="#" target="other" icon="newuser.gif">
            <node id="toolbar.html" caption="Tollbars and userdata" url="#" target="other"/>
            <node id="methods.html" caption="New Methods" url="#" target="other"/>
            <node id="postdata.html" caption="Post Data" url="#" target="other"/>
            <node id="defparams.html" caption="Common Params" url="#" target="other"/>
        </node>        
        <node caption="New in version 3.2" url="#" target="other" icon="newuser.gif">
            <node id="methods32.html" caption="New Methods 3.2" url="#" target="other"/>
            <node id="hiddengrid.html" caption="Initial hidden grid" url="#" target="other"/>
            <node id="afterinsrow.html" caption="After Insert Row event" url="#" target="other"/>
            <node id="loaderror.html" caption="Controling server errors" url="#" target="other"/>
            <node id="selectall.html" caption="SelectAll event" url="#" target="other"/>
            <node id="hideshow.html" caption="Hide/Show columns" url="#" target="other"/>
            <node id="custbutt.html" caption="Custom Button and Forms" url="#" target="other"/>
            <node id="csvalid.html" caption="Client Validation" url="#" target="other"/>
        </node>        
        <node caption="New in version 3.3" url="#" target="other" icon="newuser.gif">
            <node id="gridwidth.html" caption="Dynamic height/width" url="#" target="other"/>
            <node id="treegrid.html" caption="Tree Grid" url="#" target="other"/>
            <node id="celledit.html" caption="Cell Editing" url="#" target="other"/>
            <node id="setcolumns.html" caption="Visible Columns" url="#" target="other"/>
            <node id="tbltogrid.html" caption="HTML Table to Grid" url="#" target="other"/>
            <node id="search1.html" caption="Multiple Toolbar Search" url="#" target="other"/>
            <node id="search2.html" caption="Multiple Form Search" url="#" target="other"/>
            <node id="datatype.html" caption="Data type as function" url="#" target="other"/>
            <node id="tablednd.html" caption="Row Drag and Drop" url="#" target="other"/>
        </node>        
        <node caption="New in version 3.4" url="#" target="other" icon="newuser.gif">
            <node id="formatter.html" caption="Formater" url="#" target="other"/>
            <node id="custfrm.html" caption="Custom Formater" url="#" target="other"/>
            <node id="xmlimp.html" caption="Import Configuration from XML" url="#" target="other"/>
            <node id="scrgrid.html" caption="Autoloading data when scroll" url="#" target="other"/>
            <node id="navgrid2.html" caption="Scroll with dynamic row select" url="#" target="other"/>
            <node id="treegrid2.html" caption="Tree Grid Adjacency model" url="#" target="other"/>
        </node>        
    </node>
</tree>
